,date,type,value,commodity.guid,commodity.mnemonic,currency.guid,currency.mnemonic
0,2006-12-21,transaction,12.140286,b267212be0064707a26aaa1016f9f8f4,AZ Diversified,e68c10585ce9470b95a7a71fc9ac8397,GBP
1,2020-09-14,transaction,11.55532212885154061624649860,b267212be0064707a26aaa1016f9f8f4,AZ Diversified,e68c10585ce9470b95a7a71fc9ac8397,GBP
2,2020-10-12,transaction,11.647982,b267212be0064707a26aaa1016f9f8f4,AZ Diversified,e68c10585ce9470b95a7a71fc9ac8397,GBP
3,2020-11-11,transaction,11.829157,b267212be0064707a26aaa1016f9f8f4,AZ Diversified,e68c10585ce9470b95a7a71fc9ac8397,GBP
4,2020-11-17,unknown,11.9377,b267212be0064707a26aaa1016f9f8f4,AZ Diversified,e68c10585ce9470b95a7a71fc9ac8397,GBP
5,2021-01-13,transaction,12.41766109785202863961813842,b267212be0064707a26aaa1016f9f8f4,AZ Diversified,e68c10585ce9470b95a7a71fc9ac8397,GBP
6,2021-02-15,transaction,12.417661,b267212be0064707a26aaa1016f9f8f4,AZ Diversified,e68c10585ce9470b95a7a71fc9ac8397,GBP
7,2021-03-15,transaction,12.21456436931079323797139142,b267212be0064707a26aaa1016f9f8f4,AZ Diversified,e68c10585ce9470b95a7a71fc9ac8397,GBP
8,2021-03-30,transaction,12.254717,b267212be0064707a26aaa1016f9f8f4,AZ Diversified,e68c10585ce9470b95a7a71fc9ac8397,GBP
9,2021-04-07,unknown,12.3788,b267212be0064707a26aaa1016f9f8f4,AZ Diversified,e68c10585ce9470b95a7a71fc9ac8397,GBP
10,2021-05-13,transaction,12.31034482758620689655172414,b267212be0064707a26aaa1016f9f8f4,AZ Diversified,e68c10585ce9470b95a7a71fc9ac8397,GBP
11,2021-06-11,transaction,12.76968973747016706443914081,b267212be0064707a26aaa1016f9f8f4,AZ Diversified,e68c10585ce9470b95a7a71fc9ac8397,GBP
12,2021-07-05,transaction,12.85954381752701080432172869,b267212be0064707a26aaa1016f9f8f4,AZ Diversified,e68c10585ce9470b95a7a71fc9ac8397,GBP
13,2021-08-16,transaction,12.98060606060606060606060606,b267212be0064707a26aaa1016f9f8f4,AZ Diversified,e68c10585ce9470b95a7a71fc9ac8397,GBP
14,2021-09-13,transaction,13.03000811030008110300081103,b267212be0064707a26aaa1016f9f8f4,AZ Diversified,e68c10585ce9470b95a7a71fc9ac8397,GBP
15,2021-10-12,transaction,12.83693045563549160671462830,b267212be0064707a26aaa1016f9f8f4,AZ Diversified,e68c10585ce9470b95a7a71fc9ac8397,GBP
16,2021-11-15,transaction,13.37801831806827643630308077,b267212be0064707a26aaa1016f9f8f4,AZ Diversified,e68c10585ce9470b95a7a71fc9ac8397,GBP
17,2021-12-06,transaction,13.16393442622950819672131148,b267212be0064707a26aaa1016f9f8f4,AZ Diversified,e68c10585ce9470b95a7a71fc9ac8397,GBP
18,2022-01-20,unknown,13.11,b267212be0064707a26aaa1016f9f8f4,AZ Diversified,e68c10585ce9470b95a7a71fc9ac8397,GBP
19,2022-01-21,transaction,13.113161,b267212be0064707a26aaa1016f9f8f4,AZ Diversified,e68c10585ce9470b95a7a71fc9ac8397,GBP
20,2022-02-04,transaction,12.872255,b267212be0064707a26aaa1016f9f8f4,AZ Diversified,e68c10585ce9470b95a7a71fc9ac8397,GBP
21,2022-03-07,transaction,12.633525,b267212be0064707a26aaa1016f9f8f4,AZ Diversified,e68c10585ce9470b95a7a71fc9ac8397,GBP
22,2022-03-14,transaction,12.589789,b267212be0064707a26aaa1016f9f8f4,AZ Diversified,e68c10585ce9470b95a7a71fc9ac8397,GBP
23,2022-04-01,transaction,12.948183,b267212be0064707a26aaa1016f9f8f4,AZ Diversified,e68c10585ce9470b95a7a71fc9ac8397,GBP
24,2022-05-09,transaction,12.531674,b267212be0064707a26aaa1016f9f8f4,AZ Diversified,e68c10585ce9470b95a7a71fc9ac8397,GBP
25,2022-06-14,transaction,12.175425,b267212be0064707a26aaa1016f9f8f4,AZ Diversified,e68c10585ce9470b95a7a71fc9ac8397,GBP
26,2022-07-08,transaction,12.220499,b267212be0064707a26aaa1016f9f8f4,AZ Diversified,e68c10585ce9470b95a7a71fc9ac8397,GBP
27,2022-08-15,transaction,12.822346,b267212be0064707a26aaa1016f9f8f4,AZ Diversified,e68c10585ce9470b95a7a71fc9ac8397,GBP
28,2022-09-05,transaction,12.427879,b267212be0064707a26aaa1016f9f8f4,AZ Diversified,e68c10585ce9470b95a7a71fc9ac8397,GBP
29,2022-09-13,transaction,12.581511,b267212be0064707a26aaa1016f9f8f4,AZ Diversified,e68c10585ce9470b95a7a71fc9ac8397,GBP
30,2022-10-05,transaction,11.982616,b267212be0064707a26aaa1016f9f8f4,AZ Diversified,e68c10585ce9470b95a7a71fc9ac8397,GBP
31,2022-11-10,transaction,11.945756,b267212be0064707a26aaa1016f9f8f4,AZ Diversified,e68c10585ce9470b95a7a71fc9ac8397,GBP
32,2022-12-03,unknown,12.2445,b267212be0064707a26aaa1016f9f8f4,AZ Diversified,e68c10585ce9470b95a7a71fc9ac8397,GBP
33,2022-12-09,transaction,1,b267212be0064707a26aaa1016f9f8f4,AZ Diversified,b267212be0064707a26aaa1016f9f8f4,AZ Diversified
34,2022-12-09,transaction,12.140373,b267212be0064707a26aaa1016f9f8f4,AZ Diversified,e68c10585ce9470b95a7a71fc9ac8397,GBP
35,2023-01-01,transaction,12.140271,b267212be0064707a26aaa1016f9f8f4,AZ Diversified,e68c10585ce9470b95a7a71fc9ac8397,GBP
36,2023-01-10,transaction,12.26567,b267212be0064707a26aaa1016f9f8f4,AZ Diversified,e68c10585ce9470b95a7a71fc9ac8397,GBP
37,2023-02-10,transaction,12.545388,b267212be0064707a26aaa1016f9f8f4,AZ Diversified,e68c10585ce9470b95a7a71fc9ac8397,GBP
38,2023-03-03,transaction,12.380781,b267212be0064707a26aaa1016f9f8f4,AZ Diversified,e68c10585ce9470b95a7a71fc9ac8397,GBP
39,2023-03-13,transaction,12.167598,b267212be0064707a26aaa1016f9f8f4,AZ Diversified,e68c10585ce9470b95a7a71fc9ac8397,GBP
40,2023-04-05,transaction,12.274532,b267212be0064707a26aaa1016f9f8f4,AZ Diversified,e68c10585ce9470b95a7a71fc9ac8397,GBP
41,2023-05-19,transaction,12.24671,b267212be0064707a26aaa1016f9f8f4,AZ Diversified,e68c10585ce9470b95a7a71fc9ac8397,GBP
42,2023-06-13,transaction,12.350943,b267212be0064707a26aaa1016f9f8f4,AZ Diversified,e68c10585ce9470b95a7a71fc9ac8397,GBP
43,2023-07-10,transaction,12.093756,b267212be0064707a26aaa1016f9f8f4,AZ Diversified,e68c10585ce9470b95a7a71fc9ac8397,GBP
44,2023-08-14,transaction,12.310351,b267212be0064707a26aaa1016f9f8f4,AZ Diversified,e68c10585ce9470b95a7a71fc9ac8397,GBP
45,2023-09-13,transaction,12.336191,b267212be0064707a26aaa1016f9f8f4,AZ Diversified,e68c10585ce9470b95a7a71fc9ac8397,GBP
46,2023-10-06,transaction,12.083556,b267212be0064707a26aaa1016f9f8f4,AZ Diversified,e68c10585ce9470b95a7a71fc9ac8397,GBP
47,2017-01-01,transaction,10.159,fb4bc46267f94bad8239824e78d4918b,AZ Drawdown,e68c10585ce9470b95a7a71fc9ac8397,GBP
48,2018-01-01,unknown,10.616,fb4bc46267f94bad8239824e78d4918b,AZ Drawdown,e68c10585ce9470b95a7a71fc9ac8397,GBP
49,2018-01-10,unknown,10.159,fb4bc46267f94bad8239824e78d4918b,AZ Drawdown,e68c10585ce9470b95a7a71fc9ac8397,GBP
50,2018-01-25,transaction,10.159,fb4bc46267f94bad8239824e78d4918b,AZ Drawdown,e68c10585ce9470b95a7a71fc9ac8397,GBP
51,2018-01-31,transaction,10.677032,fb4bc46267f94bad8239824e78d4918b,AZ Drawdown,e68c10585ce9470b95a7a71fc9ac8397,GBP
52,2018-02-09,,10.616011,fb4bc46267f94bad8239824e78d4918b,AZ Drawdown,e68c10585ce9470b95a7a71fc9ac8397,GBP
53,2018-02-10,unknown,10.48,fb4bc46267f94bad8239824e78d4918b,AZ Drawdown,e68c10585ce9470b95a7a71fc9ac8397,GBP
54,2018-02-23,transaction,10.48,fb4bc46267f94bad8239824e78d4918b,AZ Drawdown,e68c10585ce9470b95a7a71fc9ac8397,GBP
55,2018-03-09,transaction,10.48,fb4bc46267f94bad8239824e78d4918b,AZ Drawdown,e68c10585ce9470b95a7a71fc9ac8397,GBP
56,2018-03-24,transaction,10.251,fb4bc46267f94bad8239824e78d4918b,AZ Drawdown,e68c10585ce9470b95a7a71fc9ac8397,GBP
57,2018-04-05,transaction,10.251,fb4bc46267f94bad8239824e78d4918b,AZ Drawdown,e68c10585ce9470b95a7a71fc9ac8397,GBP
58,2018-04-25,transaction,10.574,fb4bc46267f94bad8239824e78d4918b,AZ Drawdown,e68c10585ce9470b95a7a71fc9ac8397,GBP
59,2018-05-08,transaction,10.574,fb4bc46267f94bad8239824e78d4918b,AZ Drawdown,e68c10585ce9470b95a7a71fc9ac8397,GBP
60,2018-05-25,,10.61602715737154299983644944,fb4bc46267f94bad8239824e78d4918b,AZ Drawdown,e68c10585ce9470b95a7a71fc9ac8397,GBP
61,2018-06-19,transaction,10.725,fb4bc46267f94bad8239824e78d4918b,AZ Drawdown,e68c10585ce9470b95a7a71fc9ac8397,GBP
62,2018-06-21,unknown,10.709,fb4bc46267f94bad8239824e78d4918b,AZ Drawdown,e68c10585ce9470b95a7a71fc9ac8397,GBP
63,2018-06-25,,10.57401572613168152000731078,fb4bc46267f94bad8239824e78d4918b,AZ Drawdown,e68c10585ce9470b95a7a71fc9ac8397,GBP
64,2018-07-12,transaction,10.732,fb4bc46267f94bad8239824e78d4918b,AZ Drawdown,e68c10585ce9470b95a7a71fc9ac8397,GBP
65,2018-07-25,,10.73199494855699587713107752,fb4bc46267f94bad8239824e78d4918b,AZ Drawdown,e68c10585ce9470b95a7a71fc9ac8397,GBP
66,2018-08-10,unknown,11.05,fb4bc46267f94bad8239824e78d4918b,AZ Drawdown,e68c10585ce9470b95a7a71fc9ac8397,GBP
67,2018-08-24,transaction,10.849,fb4bc46267f94bad8239824e78d4918b,AZ Drawdown,e68c10585ce9470b95a7a71fc9ac8397,GBP
68,2018-09-12,transaction,10.849,fb4bc46267f94bad8239824e78d4918b,AZ Drawdown,e68c10585ce9470b95a7a71fc9ac8397,GBP
69,2018-09-25,transaction,10.466,fb4bc46267f94bad8239824e78d4918b,AZ Drawdown,e68c10585ce9470b95a7a71fc9ac8397,GBP
70,2018-10-04,unknown,10.959,fb4bc46267f94bad8239824e78d4918b,AZ Drawdown,e68c10585ce9470b95a7a71fc9ac8397,GBP
71,2018-10-11,transaction,10.466,fb4bc46267f94bad8239824e78d4918b,AZ Drawdown,e68c10585ce9470b95a7a71fc9ac8397,GBP
72,2018-10-25,transaction,10.488,fb4bc46267f94bad8239824e78d4918b,AZ Drawdown,e68c10585ce9470b95a7a71fc9ac8397,GBP
73,2018-11-01,transaction,10.466,fb4bc46267f94bad8239824e78d4918b,AZ Drawdown,e68c10585ce9470b95a7a71fc9ac8397,GBP
74,2018-11-13,transaction,10.488,fb4bc46267f94bad8239824e78d4918b,AZ Drawdown,e68c10585ce9470b95a7a71fc9ac8397,GBP
75,2018-11-23,transaction,10.494,fb4bc46267f94bad8239824e78d4918b,AZ Drawdown,e68c10585ce9470b95a7a71fc9ac8397,GBP
76,2018-12-12,transaction,10.494,fb4bc46267f94bad8239824e78d4918b,AZ Drawdown,e68c10585ce9470b95a7a71fc9ac8397,GBP
77,2019-01-06,unknown,10.494,fb4bc46267f94bad8239824e78d4918b,AZ Drawdown,e68c10585ce9470b95a7a71fc9ac8397,GBP
78,2019-01-11,,10.405983,fb4bc46267f94bad8239824e78d4918b,AZ Drawdown,e68c10585ce9470b95a7a71fc9ac8397,GBP
79,2019-01-25,,11.05001061152715035018039596,fb4bc46267f94bad8239824e78d4918b,AZ Drawdown,e68c10585ce9470b95a7a71fc9ac8397,GBP
80,2019-02-12,transaction,10.718984,fb4bc46267f94bad8239824e78d4918b,AZ Drawdown,e68c10585ce9470b95a7a71fc9ac8397,GBP
81,2019-02-25,,11.050003,fb4bc46267f94bad8239824e78d4918b,AZ Drawdown,e68c10585ce9470b95a7a71fc9ac8397,GBP
82,2019-03-12,transaction,10.829005,fb4bc46267f94bad8239824e78d4918b,AZ Drawdown,e68c10585ce9470b95a7a71fc9ac8397,GBP
83,2019-03-25,transaction,11.068966,fb4bc46267f94bad8239824e78d4918b,AZ Drawdown,e68c10585ce9470b95a7a71fc9ac8397,GBP
84,2019-04-24,unknown,11.069,fb4bc46267f94bad8239824e78d4918b,AZ Drawdown,e68c10585ce9470b95a7a71fc9ac8397,GBP
85,2019-05-16,transaction,11.09400107123727905731119443,fb4bc46267f94bad8239824e78d4918b,AZ Drawdown,e68c10585ce9470b95a7a71fc9ac8397,GBP
86,2019-06-16,transaction,11.274971,fb4bc46267f94bad8239824e78d4918b,AZ Drawdown,e68c10585ce9470b95a7a71fc9ac8397,GBP
87,2019-07-11,unknown,11.678957,fb4bc46267f94bad8239824e78d4918b,AZ Drawdown,e68c10585ce9470b95a7a71fc9ac8397,GBP
88,2019-08-12,transaction,11.620062,fb4bc46267f94bad8239824e78d4918b,AZ Drawdown,e68c10585ce9470b95a7a71fc9ac8397,GBP
89,2019-09-12,transaction,11.79697,fb4bc46267f94bad8239824e78d4918b,AZ Drawdown,e68c10585ce9470b95a7a71fc9ac8397,GBP
90,2019-11-13,,11.815268,fb4bc46267f94bad8239824e78d4918b,AZ Drawdown,e68c10585ce9470b95a7a71fc9ac8397,GBP
91,2019-12-11,transaction,11.789907,fb4bc46267f94bad8239824e78d4918b,AZ Drawdown,e68c10585ce9470b95a7a71fc9ac8397,GBP
92,2020-01-13,,12.276045,fb4bc46267f94bad8239824e78d4918b,AZ Drawdown,e68c10585ce9470b95a7a71fc9ac8397,GBP
93,2020-02-13,transaction,12.434089,fb4bc46267f94bad8239824e78d4918b,AZ Drawdown,e68c10585ce9470b95a7a71fc9ac8397,GBP
94,2020-03-11,,10.953563,fb4bc46267f94bad8239824e78d4918b,AZ Drawdown,e68c10585ce9470b95a7a71fc9ac8397,GBP
95,2020-04-03,transaction,10.035423,fb4bc46267f94bad8239824e78d4918b,AZ Drawdown,e68c10585ce9470b95a7a71fc9ac8397,GBP
96,2020-05-14,transaction,10.847148,fb4bc46267f94bad8239824e78d4918b,AZ Drawdown,e68c10585ce9470b95a7a71fc9ac8397,GBP
97,2020-06-12,transaction,11.470264,fb4bc46267f94bad8239824e78d4918b,AZ Drawdown,e68c10585ce9470b95a7a71fc9ac8397,GBP
98,2020-07-14,transaction,11.882072,fb4bc46267f94bad8239824e78d4918b,AZ Drawdown,e68c10585ce9470b95a7a71fc9ac8397,GBP
99,2020-08-12,transaction,12.097191,fb4bc46267f94bad8239824e78d4918b,AZ Drawdown,e68c10585ce9470b95a7a71fc9ac8397,GBP
100,2020-09-11,transaction,12.224247,fb4bc46267f94bad8239824e78d4918b,AZ Drawdown,e68c10585ce9470b95a7a71fc9ac8397,GBP
101,2020-09-14,,12.20404538410700909005253025,fb4bc46267f94bad8239824e78d4918b,AZ Drawdown,e68c10585ce9470b95a7a71fc9ac8397,GBP
102,2020-10-12,transaction,12.41664571284888106613024893,fb4bc46267f94bad8239824e78d4918b,AZ Drawdown,e68c10585ce9470b95a7a71fc9ac8397,GBP
103,2020-11-11,transaction,12.618579,fb4bc46267f94bad8239824e78d4918b,AZ Drawdown,e68c10585ce9470b95a7a71fc9ac8397,GBP
104,2020-11-17,unknown,12.7914,fb4bc46267f94bad8239824e78d4918b,AZ Drawdown,e68c10585ce9470b95a7a71fc9ac8397,GBP
105,2020-12-11,transaction,13.139037,fb4bc46267f94bad8239824e78d4918b,AZ Drawdown,e68c10585ce9470b95a7a71fc9ac8397,GBP
106,2021-01-13,transaction,13.312753,fb4bc46267f94bad8239824e78d4918b,AZ Drawdown,e68c10585ce9470b95a7a71fc9ac8397,GBP
107,2021-02-15,transaction,13.582451,fb4bc46267f94bad8239824e78d4918b,AZ Drawdown,e68c10585ce9470b95a7a71fc9ac8397,GBP
108,2021-03-15,transaction,13.42352941176470588235294118,fb4bc46267f94bad8239824e78d4918b,AZ Drawdown,e68c10585ce9470b95a7a71fc9ac8397,GBP
109,2021-03-30,transaction,13.505629,fb4bc46267f94bad8239824e78d4918b,AZ Drawdown,e68c10585ce9470b95a7a71fc9ac8397,GBP
110,2021-04-07,unknown,13.6905,fb4bc46267f94bad8239824e78d4918b,AZ Drawdown,e68c10585ce9470b95a7a71fc9ac8397,GBP
111,2021-05-13,transaction,13.56015196285352469396369776,fb4bc46267f94bad8239824e78d4918b,AZ Drawdown,e68c10585ce9470b95a7a71fc9ac8397,GBP
112,2021-06-11,transaction,14.13125091655667986508285672,fb4bc46267f94bad8239824e78d4918b,AZ Drawdown,e68c10585ce9470b95a7a71fc9ac8397,GBP
113,2021-07-05,transaction,14.35418528448019064641048555,fb4bc46267f94bad8239824e78d4918b,AZ Drawdown,e68c10585ce9470b95a7a71fc9ac8397,GBP
114,2021-08-16,transaction,14.52743442870063310220078384,fb4bc46267f94bad8239824e78d4918b,AZ Drawdown,e68c10585ce9470b95a7a71fc9ac8397,GBP
115,2021-09-13,transaction,14.59945460378569136990696182,fb4bc46267f94bad8239824e78d4918b,AZ Drawdown,e68c10585ce9470b95a7a71fc9ac8397,GBP
116,2021-10-12,transaction,14.35583596214511041009463722,fb4bc46267f94bad8239824e78d4918b,AZ Drawdown,e68c10585ce9470b95a7a71fc9ac8397,GBP
117,2021-11-15,transaction,15.15115698351922756783752289,fb4bc46267f94bad8239824e78d4918b,AZ Drawdown,e68c10585ce9470b95a7a71fc9ac8397,GBP
118,2021-12-06,transaction,14.76492537313432835820895522,fb4bc46267f94bad8239824e78d4918b,AZ Drawdown,e68c10585ce9470b95a7a71fc9ac8397,GBP
119,2022-01-12,transaction,14.90469,fb4bc46267f94bad8239824e78d4918b,AZ Drawdown,e68c10585ce9470b95a7a71fc9ac8397,GBP
120,2022-01-20,unknown,14.92,fb4bc46267f94bad8239824e78d4918b,AZ Drawdown,e68c10585ce9470b95a7a71fc9ac8397,GBP
121,2022-02-04,transaction,14.454008,fb4bc46267f94bad8239824e78d4918b,AZ Drawdown,e68c10585ce9470b95a7a71fc9ac8397,GBP
122,2022-03-07,transaction,14.026755,fb4bc46267f94bad8239824e78d4918b,AZ Drawdown,e68c10585ce9470b95a7a71fc9ac8397,GBP
123,2022-03-14,transaction,13.953027,fb4bc46267f94bad8239824e78d4918b,AZ Drawdown,e68c10585ce9470b95a7a71fc9ac8397,GBP
124,2022-04-01,transaction,14.635651,fb4bc46267f94bad8239824e78d4918b,AZ Drawdown,e68c10585ce9470b95a7a71fc9ac8397,GBP
125,2022-05-09,transaction,13.951392,fb4bc46267f94bad8239824e78d4918b,AZ Drawdown,e68c10585ce9470b95a7a71fc9ac8397,GBP
126,2022-06-14,transaction,13.395785,fb4bc46267f94bad8239824e78d4918b,AZ Drawdown,e68c10585ce9470b95a7a71fc9ac8397,GBP
127,2022-07-08,transaction,13.60944,fb4bc46267f94bad8239824e78d4918b,AZ Drawdown,e68c10585ce9470b95a7a71fc9ac8397,GBP
128,2022-08-15,transaction,14.457772,fb4bc46267f94bad8239824e78d4918b,AZ Drawdown,e68c10585ce9470b95a7a71fc9ac8397,GBP
129,2022-09-05,transaction,13.877878,fb4bc46267f94bad8239824e78d4918b,AZ Drawdown,e68c10585ce9470b95a7a71fc9ac8397,GBP
130,2022-09-13,transaction,14.194451,fb4bc46267f94bad8239824e78d4918b,AZ Drawdown,e68c10585ce9470b95a7a71fc9ac8397,GBP
131,2022-10-05,transaction,13.445165,fb4bc46267f94bad8239824e78d4918b,AZ Drawdown,e68c10585ce9470b95a7a71fc9ac8397,GBP
132,2022-11-10,transaction,13.40339,fb4bc46267f94bad8239824e78d4918b,AZ Drawdown,e68c10585ce9470b95a7a71fc9ac8397,GBP
133,2022-12-03,unknown,13.8514,fb4bc46267f94bad8239824e78d4918b,AZ Drawdown,e68c10585ce9470b95a7a71fc9ac8397,GBP
134,2022-12-09,transaction,13.658581,fb4bc46267f94bad8239824e78d4918b,AZ Drawdown,e68c10585ce9470b95a7a71fc9ac8397,GBP
135,2023-01-10,transaction,13.743852,fb4bc46267f94bad8239824e78d4918b,AZ Drawdown,e68c10585ce9470b95a7a71fc9ac8397,GBP
136,2023-02-10,transaction,14.197075,fb4bc46267f94bad8239824e78d4918b,AZ Drawdown,e68c10585ce9470b95a7a71fc9ac8397,GBP
137,2023-03-03,transaction,14.026386,fb4bc46267f94bad8239824e78d4918b,AZ Drawdown,e68c10585ce9470b95a7a71fc9ac8397,GBP
138,2023-03-13,transaction,13.670095,fb4bc46267f94bad8239824e78d4918b,AZ Drawdown,e68c10585ce9470b95a7a71fc9ac8397,GBP
139,2023-04-05,transaction,13.960217,fb4bc46267f94bad8239824e78d4918b,AZ Drawdown,e68c10585ce9470b95a7a71fc9ac8397,GBP
140,2023-05-19,transaction,14.115109,fb4bc46267f94bad8239824e78d4918b,AZ Drawdown,e68c10585ce9470b95a7a71fc9ac8397,GBP
141,2023-06-13,transaction,14.305009,fb4bc46267f94bad8239824e78d4918b,AZ Drawdown,e68c10585ce9470b95a7a71fc9ac8397,GBP
142,2023-07-10,transaction,14.093859,fb4bc46267f94bad8239824e78d4918b,AZ Drawdown,e68c10585ce9470b95a7a71fc9ac8397,GBP
143,2023-08-14,transaction,14.370887,fb4bc46267f94bad8239824e78d4918b,AZ Drawdown,e68c10585ce9470b95a7a71fc9ac8397,GBP
144,2023-09-13,transaction,14.445973,fb4bc46267f94bad8239824e78d4918b,AZ Drawdown,e68c10585ce9470b95a7a71fc9ac8397,GBP
145,2023-10-06,transaction,14.084848,fb4bc46267f94bad8239824e78d4918b,AZ Drawdown,e68c10585ce9470b95a7a71fc9ac8397,GBP
146,2017-02-03,,44,76010acad42240049181f94811e743c7,AZN,e68c10585ce9470b95a7a71fc9ac8397,GBP
147,2017-12-01,transaction,35.99,76010acad42240049181f94811e743c7,AZN,e68c10585ce9470b95a7a71fc9ac8397,GBP
148,2018-01-02,transaction,51.233332,76010acad42240049181f94811e743c7,AZN,e68c10585ce9470b95a7a71fc9ac8397,GBP
149,2018-02-03,transaction,50,76010acad42240049181f94811e743c7,AZN,e68c10585ce9470b95a7a71fc9ac8397,GBP
150,2018-05-22,,54.28,76010acad42240049181f94811e743c7,AZN,e68c10585ce9470b95a7a71fc9ac8397,GBP
151,2018-05-29,,54.27999229476508997190246235,76010acad42240049181f94811e743c7,AZN,e68c10585ce9470b95a7a71fc9ac8397,GBP
152,2018-07-27,transaction,52.65,76010acad42240049181f94811e743c7,AZN,e68c10585ce9470b95a7a71fc9ac8397,GBP
153,2018-09-06,transaction,73.73,76010acad42240049181f94811e743c7,AZN,e68c10585ce9470b95a7a71fc9ac8397,GBP
154,2018-10-04,unknown,59,76010acad42240049181f94811e743c7,AZN,e68c10585ce9470b95a7a71fc9ac8397,GBP
155,2018-12-11,transaction,60.43,76010acad42240049181f94811e743c7,AZN,e68c10585ce9470b95a7a71fc9ac8397,GBP
156,2018-12-15,transaction,33.07,76010acad42240049181f94811e743c7,AZN,e68c10585ce9470b95a7a71fc9ac8397,GBP
157,2019-03-08,transaction,72.42,76010acad42240049181f94811e743c7,AZN,e68c10585ce9470b95a7a71fc9ac8397,GBP
158,2019-07-08,transaction,52.25125,76010acad42240049181f94811e743c7,AZN,e68c10585ce9470b95a7a71fc9ac8397,GBP
159,2019-08-06,transaction,71.455,76010acad42240049181f94811e743c7,AZN,e68c10585ce9470b95a7a71fc9ac8397,GBP
160,2019-09-06,transaction,73.73,76010acad42240049181f94811e743c7,AZN,e68c10585ce9470b95a7a71fc9ac8397,GBP
161,2019-10-07,transaction,70.47,76010acad42240049181f94811e743c7,AZN,e68c10585ce9470b95a7a71fc9ac8397,GBP
162,2019-11-06,transaction,74.78,76010acad42240049181f94811e743c7,AZN,e68c10585ce9470b95a7a71fc9ac8397,GBP
163,2019-12-06,transaction,73.51,76010acad42240049181f94811e743c7,AZN,e68c10585ce9470b95a7a71fc9ac8397,GBP
164,2020-01-06,transaction,76.73,76010acad42240049181f94811e743c7,AZN,e68c10585ce9470b95a7a71fc9ac8397,GBP
165,2020-02-06,,75.185,76010acad42240049181f94811e743c7,AZN,e68c10585ce9470b95a7a71fc9ac8397,GBP
166,2020-03-06,transaction,71.87,76010acad42240049181f94811e743c7,AZN,e68c10585ce9470b95a7a71fc9ac8397,GBP
167,2020-04-06,transaction,71.09,76010acad42240049181f94811e743c7,AZN,e68c10585ce9470b95a7a71fc9ac8397,GBP
168,2020-05-02,unknown,82.02,76010acad42240049181f94811e743c7,AZN,e68c10585ce9470b95a7a71fc9ac8397,GBP
169,2020-05-06,transaction,50,76010acad42240049181f94811e743c7,AZN,e68c10585ce9470b95a7a71fc9ac8397,GBP
170,2020-12-01,transaction,35.97,76010acad42240049181f94811e743c7,AZN,e68c10585ce9470b95a7a71fc9ac8397,GBP
171,2020-12-03,transaction,78.94,76010acad42240049181f94811e743c7,AZN,e68c10585ce9470b95a7a71fc9ac8397,GBP
172,2020-12-06,transaction,61.5,76010acad42240049181f94811e743c7,AZN,e68c10585ce9470b95a7a71fc9ac8397,GBP
173,2021-02-08,transaction,73.45,76010acad42240049181f94811e743c7,AZN,e68c10585ce9470b95a7a71fc9ac8397,GBP
174,2021-03-08,transaction,68.74,76010acad42240049181f94811e743c7,AZN,e68c10585ce9470b95a7a71fc9ac8397,GBP
175,2021-04-06,transaction,72.75,76010acad42240049181f94811e743c7,AZN,e68c10585ce9470b95a7a71fc9ac8397,GBP
176,2021-05-06,transaction,75.85,76010acad42240049181f94811e743c7,AZN,e68c10585ce9470b95a7a71fc9ac8397,GBP
177,2021-06-07,transaction,79.88,76010acad42240049181f94811e743c7,AZN,e68c10585ce9470b95a7a71fc9ac8397,GBP
178,2021-07-06,transaction,87.11,76010acad42240049181f94811e743c7,AZN,e68c10585ce9470b95a7a71fc9ac8397,GBP
179,2021-08-06,transaction,82.9,76010acad42240049181f94811e743c7,AZN,e68c10585ce9470b95a7a71fc9ac8397,GBP
180,2021-09-06,transaction,85.435,76010acad42240049181f94811e743c7,AZN,e68c10585ce9470b95a7a71fc9ac8397,GBP
181,2021-10-06,transaction,88.49,76010acad42240049181f94811e743c7,AZN,e68c10585ce9470b95a7a71fc9ac8397,GBP
182,2021-11-08,transaction,93.32,76010acad42240049181f94811e743c7,AZN,e68c10585ce9470b95a7a71fc9ac8397,GBP
183,2021-12-01,transaction,47.24,76010acad42240049181f94811e743c7,AZN,e68c10585ce9470b95a7a71fc9ac8397,GBP
184,2021-12-06,transaction,82.76,76010acad42240049181f94811e743c7,AZN,e68c10585ce9470b95a7a71fc9ac8397,GBP
185,2021-12-07,transaction,82.26341317365269461077844311,76010acad42240049181f94811e743c7,AZN,e68c10585ce9470b95a7a71fc9ac8397,GBP
186,2022-01-06,transaction,85.88,76010acad42240049181f94811e743c7,AZN,e68c10585ce9470b95a7a71fc9ac8397,GBP
187,2022-02-07,transaction,84.695,76010acad42240049181f94811e743c7,AZN,e68c10585ce9470b95a7a71fc9ac8397,GBP
188,2022-03-06,transaction,107.838746,76010acad42240049181f94811e743c7,AZN,e68c10585ce9470b95a7a71fc9ac8397,GBP
189,2022-03-07,transaction,85.88,76010acad42240049181f94811e743c7,AZN,e68c10585ce9470b95a7a71fc9ac8397,GBP
190,2022-03-08,transaction,86.510144,76010acad42240049181f94811e743c7,AZN,e68c10585ce9470b95a7a71fc9ac8397,GBP
191,2022-04-06,transaction,101.685,76010acad42240049181f94811e743c7,AZN,e68c10585ce9470b95a7a71fc9ac8397,GBP
192,2022-05-06,transaction,105.9,76010acad42240049181f94811e743c7,AZN,e68c10585ce9470b95a7a71fc9ac8397,GBP
193,2022-06-06,transaction,90.4,76010acad42240049181f94811e743c7,AZN,e68c10585ce9470b95a7a71fc9ac8397,GBP
194,2022-07-06,transaction,108.43,76010acad42240049181f94811e743c7,AZN,e68c10585ce9470b95a7a71fc9ac8397,GBP
195,2022-08-07,unknown,108.66,76010acad42240049181f94811e743c7,AZN,e68c10585ce9470b95a7a71fc9ac8397,GBP
196,2022-08-08,transaction,107.47,76010acad42240049181f94811e743c7,AZN,e68c10585ce9470b95a7a71fc9ac8397,GBP
197,2022-09-06,transaction,106.91,76010acad42240049181f94811e743c7,AZN,e68c10585ce9470b95a7a71fc9ac8397,GBP
198,2022-09-15,transaction,101.886792,76010acad42240049181f94811e743c7,AZN,e68c10585ce9470b95a7a71fc9ac8397,GBP
199,2022-10-06,transaction,99.17,76010acad42240049181f94811e743c7,AZN,e68c10585ce9470b95a7a71fc9ac8397,GBP
200,2022-11-07,transaction,105.09,76010acad42240049181f94811e743c7,AZN,e68c10585ce9470b95a7a71fc9ac8397,GBP
201,2022-12-06,transaction,111.73,76010acad42240049181f94811e743c7,AZN,e68c10585ce9470b95a7a71fc9ac8397,GBP
202,2023-01-06,transaction,114.83,76010acad42240049181f94811e743c7,AZN,e68c10585ce9470b95a7a71fc9ac8397,GBP
203,2023-02-06,transaction,104.82,76010acad42240049181f94811e743c7,AZN,e68c10585ce9470b95a7a71fc9ac8397,GBP
204,2023-03-06,transaction,107.836112,76010acad42240049181f94811e743c7,AZN,e68c10585ce9470b95a7a71fc9ac8397,GBP
205,2023-03-30,transaction,113.783368,76010acad42240049181f94811e743c7,AZN,e68c10585ce9470b95a7a71fc9ac8397,GBP
206,2023-04-06,transaction,113.01,76010acad42240049181f94811e743c7,AZN,e68c10585ce9470b95a7a71fc9ac8397,GBP
207,2023-05-09,transaction,118.35,76010acad42240049181f94811e743c7,AZN,e68c10585ce9470b95a7a71fc9ac8397,GBP
208,2023-06-06,transaction,116.74,76010acad42240049181f94811e743c7,AZN,e68c10585ce9470b95a7a71fc9ac8397,GBP
209,2018-02-03,transaction,2,2b1ac98ec0c14ac9a3230851e3a767af,BARC,e68c10585ce9470b95a7a71fc9ac8397,GBP
210,2018-04-05,transaction,2.0921,2b1ac98ec0c14ac9a3230851e3a767af,BARC,e68c10585ce9470b95a7a71fc9ac8397,GBP
211,2018-04-07,transaction,2.092078,2b1ac98ec0c14ac9a3230851e3a767af,BARC,e68c10585ce9470b95a7a71fc9ac8397,GBP
212,2018-06-15,unknown,1.9508,2b1ac98ec0c14ac9a3230851e3a767af,BARC,e68c10585ce9470b95a7a71fc9ac8397,GBP
213,2018-09-17,transaction,1.853333,2b1ac98ec0c14ac9a3230851e3a767af,BARC,e68c10585ce9470b95a7a71fc9ac8397,GBP
214,2019-04-05,transaction,1.64,2b1ac98ec0c14ac9a3230851e3a767af,BARC,e68c10585ce9470b95a7a71fc9ac8397,GBP
215,2019-04-28,unknown,1.6104,2b1ac98ec0c14ac9a3230851e3a767af,BARC,e68c10585ce9470b95a7a71fc9ac8397,GBP
216,2019-09-23,transaction,1.421429,2b1ac98ec0c14ac9a3230851e3a767af,BARC,e68c10585ce9470b95a7a71fc9ac8397,GBP
217,2021-02-21,transaction,1.88,2b1ac98ec0c14ac9a3230851e3a767af,BARC,e68c10585ce9470b95a7a71fc9ac8397,GBP
218,2021-03-09,unknown,1.7792,2b1ac98ec0c14ac9a3230851e3a767af,BARC,e68c10585ce9470b95a7a71fc9ac8397,GBP
219,2021-09-21,transaction,1.84,2b1ac98ec0c14ac9a3230851e3a767af,BARC,e68c10585ce9470b95a7a71fc9ac8397,GBP
220,2018-01-01,unknown,5.7988,d37770f75e3d46b681256766ddf21d97,Bond,e68c10585ce9470b95a7a71fc9ac8397,GBP
221,2018-06-21,unknown,5.7766,d37770f75e3d46b681256766ddf21d97,Bond,e68c10585ce9470b95a7a71fc9ac8397,GBP
222,2018-10-04,unknown,5.8045,d37770f75e3d46b681256766ddf21d97,Bond,e68c10585ce9470b95a7a71fc9ac8397,GBP
223,2019-04-24,unknown,5.9983,d37770f75e3d46b681256766ddf21d97,Bond,e68c10585ce9470b95a7a71fc9ac8397,GBP
224,2019-07-27,unknown,6.2774,d37770f75e3d46b681256766ddf21d97,Bond,e68c10585ce9470b95a7a71fc9ac8397,GBP
225,2019-11-05,transaction,6.279318,d37770f75e3d46b681256766ddf21d97,Bond,e68c10585ce9470b95a7a71fc9ac8397,GBP
226,2017-06-10,unknown,0.9,ad571f0b91694a578d3ddc95cb5af2bc,EUR,e68c10585ce9470b95a7a71fc9ac8397,GBP
227,2018-06-01,transaction,2.539343,543b7f501176496a9ec0eebc00ba7c03,FISCGA,e68c10585ce9470b95a7a71fc9ac8397,GBP
228,2018-06-15,unknown,2.489,543b7f501176496a9ec0eebc00ba7c03,FISCGA,e68c10585ce9470b95a7a71fc9ac8397,GBP
229,2019-01-06,unknown,2.484,543b7f501176496a9ec0eebc00ba7c03,FISCGA,e68c10585ce9470b95a7a71fc9ac8397,GBP
230,2019-04-28,unknown,2.614,543b7f501176496a9ec0eebc00ba7c03,FISCGA,e68c10585ce9470b95a7a71fc9ac8397,GBP
231,2019-11-29,unknown,2.88,543b7f501176496a9ec0eebc00ba7c03,FISCGA,e68c10585ce9470b95a7a71fc9ac8397,GBP
232,2021-06-20,unknown,3.043,543b7f501176496a9ec0eebc00ba7c03,FISCGA,e68c10585ce9470b95a7a71fc9ac8397,GBP
233,2021-12-23,transaction,3.250733,543b7f501176496a9ec0eebc00ba7c03,FISCGA,e68c10585ce9470b95a7a71fc9ac8397,GBP
234,2017-12-31,,1.1111,e68c10585ce9470b95a7a71fc9ac8397,GBP,ad571f0b91694a578d3ddc95cb5af2bc,EUR
235,2018-06-04,transaction,1.1143,e68c10585ce9470b95a7a71fc9ac8397,GBP,ad571f0b91694a578d3ddc95cb5af2bc,EUR
236,2018-06-10,,1.1111,e68c10585ce9470b95a7a71fc9ac8397,GBP,ad571f0b91694a578d3ddc95cb5af2bc,EUR
237,2019-05-21,transaction,1.1297,e68c10585ce9470b95a7a71fc9ac8397,GBP,ad571f0b91694a578d3ddc95cb5af2bc,EUR
238,2019-06-01,,1.1297,e68c10585ce9470b95a7a71fc9ac8397,GBP,ad571f0b91694a578d3ddc95cb5af2bc,EUR
239,2019-10-15,,0.4869269763213522672285861339,aec139aadcd94ae4ae1f64ec46a272d2,Global Equity,e68c10585ce9470b95a7a71fc9ac8397,GBP
240,2020-05-02,unknown,0.4576,aec139aadcd94ae4ae1f64ec46a272d2,Global Equity,e68c10585ce9470b95a7a71fc9ac8397,GBP
241,2020-08-22,unknown,0.5199,aec139aadcd94ae4ae1f64ec46a272d2,Global Equity,e68c10585ce9470b95a7a71fc9ac8397,GBP
242,2020-11-17,unknown,0.5527,aec139aadcd94ae4ae1f64ec46a272d2,Global Equity,e68c10585ce9470b95a7a71fc9ac8397,GBP
243,2021-04-07,unknown,0.607,aec139aadcd94ae4ae1f64ec46a272d2,Global Equity,e68c10585ce9470b95a7a71fc9ac8397,GBP
244,2022-01-01,unknown,0.6978,aec139aadcd94ae4ae1f64ec46a272d2,Global Equity,e68c10585ce9470b95a7a71fc9ac8397,GBP
245,2018-01-01,transaction,10.8119,b223c3b1b7454542a36b7aa703fefb55,Index Linked Gilt,e68c10585ce9470b95a7a71fc9ac8397,GBP
246,2018-06-21,unknown,10.8038,b223c3b1b7454542a36b7aa703fefb55,Index Linked Gilt,e68c10585ce9470b95a7a71fc9ac8397,GBP
247,2018-10-04,unknown,11.0314,b223c3b1b7454542a36b7aa703fefb55,Index Linked Gilt,e68c10585ce9470b95a7a71fc9ac8397,GBP
248,2019-04-24,unknown,11.5087,b223c3b1b7454542a36b7aa703fefb55,Index Linked Gilt,e68c10585ce9470b95a7a71fc9ac8397,GBP
249,2019-07-27,unknown,12.2892,b223c3b1b7454542a36b7aa703fefb55,Index Linked Gilt,e68c10585ce9470b95a7a71fc9ac8397,GBP
250,2019-10-15,transaction,12.629459,b223c3b1b7454542a36b7aa703fefb55,Index Linked Gilt,e68c10585ce9470b95a7a71fc9ac8397,GBP
251,2018-06-01,transaction,0.902159,9d8586b8dd6645f0ad0db0189f423fb7,LGAAHQ,e68c10585ce9470b95a7a71fc9ac8397,GBP
252,2018-06-15,unknown,0.873,9d8586b8dd6645f0ad0db0189f423fb7,LGAAHQ,e68c10585ce9470b95a7a71fc9ac8397,GBP
253,2019-01-06,unknown,0.89065,9d8586b8dd6645f0ad0db0189f423fb7,LGAAHQ,e68c10585ce9470b95a7a71fc9ac8397,GBP
254,2019-04-28,unknown,0.90215,9d8586b8dd6645f0ad0db0189f423fb7,LGAAHQ,e68c10585ce9470b95a7a71fc9ac8397,GBP
255,2019-11-29,unknown,0.915,9d8586b8dd6645f0ad0db0189f423fb7,LGAAHQ,e68c10585ce9470b95a7a71fc9ac8397,GBP
256,2021-06-20,unknown,0.95945,9d8586b8dd6645f0ad0db0189f423fb7,LGAAHQ,e68c10585ce9470b95a7a71fc9ac8397,GBP
257,2022-08-08,unknown,1.1175,9d8586b8dd6645f0ad0db0189f423fb7,LGAAHQ,e68c10585ce9470b95a7a71fc9ac8397,GBP
258,2018-06-19,transaction,1.392642,af87a758232b4f3dbe5c0eeeb4698acb,LGITI,e68c10585ce9470b95a7a71fc9ac8397,GBP
259,2019-01-06,unknown,1.31,af87a758232b4f3dbe5c0eeeb4698acb,LGITI,e68c10585ce9470b95a7a71fc9ac8397,GBP
260,2019-04-28,unknown,1.473,af87a758232b4f3dbe5c0eeeb4698acb,LGITI,e68c10585ce9470b95a7a71fc9ac8397,GBP
261,2019-11-29,unknown,1.588,af87a758232b4f3dbe5c0eeeb4698acb,LGITI,e68c10585ce9470b95a7a71fc9ac8397,GBP
262,2021-06-20,unknown,1.983,af87a758232b4f3dbe5c0eeeb4698acb,LGITI,e68c10585ce9470b95a7a71fc9ac8397,GBP
263,2022-08-08,unknown,2.12,af87a758232b4f3dbe5c0eeeb4698acb,LGITI,e68c10585ce9470b95a7a71fc9ac8397,GBP
264,2018-05-31,unknown,1.46891,5f940b94fb384284968f18ccbdc50f4d,LGXITA,e68c10585ce9470b95a7a71fc9ac8397,GBP
265,2018-06-15,unknown,1.4635,5f940b94fb384284968f18ccbdc50f4d,LGXITA,e68c10585ce9470b95a7a71fc9ac8397,GBP
266,2019-01-06,unknown,1.4605,5f940b94fb384284968f18ccbdc50f4d,LGXITA,e68c10585ce9470b95a7a71fc9ac8397,GBP
267,2019-04-28,unknown,1.5255,5f940b94fb384284968f18ccbdc50f4d,LGXITA,e68c10585ce9470b95a7a71fc9ac8397,GBP
268,2019-11-29,unknown,1.615,5f940b94fb384284968f18ccbdc50f4d,LGXITA,e68c10585ce9470b95a7a71fc9ac8397,GBP
269,2021-06-20,unknown,1.72,5f940b94fb384284968f18ccbdc50f4d,LGXITA,e68c10585ce9470b95a7a71fc9ac8397,GBP
270,2022-08-08,unknown,1.53,5f940b94fb384284968f18ccbdc50f4d,LGXITA,e68c10585ce9470b95a7a71fc9ac8397,GBP
271,2018-06-15,unknown,5.386,023534614b2b4325a284f3e92e7cc089,MDHAAJ,e68c10585ce9470b95a7a71fc9ac8397,GBP
272,2019-01-06,unknown,5.089,023534614b2b4325a284f3e92e7cc089,MDHAAJ,e68c10585ce9470b95a7a71fc9ac8397,GBP
273,2019-04-28,unknown,5.995,023534614b2b4325a284f3e92e7cc089,MDHAAJ,e68c10585ce9470b95a7a71fc9ac8397,GBP
274,2019-11-29,unknown,6.513,023534614b2b4325a284f3e92e7cc089,MDHAAJ,e68c10585ce9470b95a7a71fc9ac8397,GBP
275,2021-06-20,unknown,8.278,023534614b2b4325a284f3e92e7cc089,MDHAAJ,e68c10585ce9470b95a7a71fc9ac8397,GBP
276,2022-08-08,unknown,9.4301,023534614b2b4325a284f3e92e7cc089,MDHAAJ,e68c10585ce9470b95a7a71fc9ac8397,GBP
277,2018-01-01,transaction,6.3779,d4ede6375ce2438ebbb1fca1a2dbcd3a,Overseas Equity,e68c10585ce9470b95a7a71fc9ac8397,GBP
278,2018-06-21,unknown,6.8558,d4ede6375ce2438ebbb1fca1a2dbcd3a,Overseas Equity,e68c10585ce9470b95a7a71fc9ac8397,GBP
279,2018-10-04,unknown,7.2468,d4ede6375ce2438ebbb1fca1a2dbcd3a,Overseas Equity,e68c10585ce9470b95a7a71fc9ac8397,GBP
280,2019-04-24,unknown,7.2077,d4ede6375ce2438ebbb1fca1a2dbcd3a,Overseas Equity,e68c10585ce9470b95a7a71fc9ac8397,GBP
281,2019-07-27,unknown,7.7645,d4ede6375ce2438ebbb1fca1a2dbcd3a,Overseas Equity,e68c10585ce9470b95a7a71fc9ac8397,GBP
282,2019-11-05,transaction,7.586565,d4ede6375ce2438ebbb1fca1a2dbcd3a,Overseas Equity,e68c10585ce9470b95a7a71fc9ac8397,GBP
283,2018-06-01,transaction,2.095484,57f76bbe63c341b3a55d4d6171be107f,RLUAST,e68c10585ce9470b95a7a71fc9ac8397,GBP
284,2018-06-15,unknown,2.122,57f76bbe63c341b3a55d4d6171be107f,RLUAST,e68c10585ce9470b95a7a71fc9ac8397,GBP
285,2019-01-06,unknown,1.884,57f76bbe63c341b3a55d4d6171be107f,RLUAST,e68c10585ce9470b95a7a71fc9ac8397,GBP
286,2019-04-28,unknown,2.11,57f76bbe63c341b3a55d4d6171be107f,RLUAST,e68c10585ce9470b95a7a71fc9ac8397,GBP
287,2019-11-29,unknown,2.181,57f76bbe63c341b3a55d4d6171be107f,RLUAST,e68c10585ce9470b95a7a71fc9ac8397,GBP
288,2021-06-20,unknown,2.243,57f76bbe63c341b3a55d4d6171be107f,RLUAST,e68c10585ce9470b95a7a71fc9ac8397,GBP
289,2018-06-19,transaction,1.017687,8c22bb6d910340d4b79a1e96506f5e79,RWAABC,e68c10585ce9470b95a7a71fc9ac8397,GBP
290,2019-01-06,unknown,1.0195,8c22bb6d910340d4b79a1e96506f5e79,RWAABC,e68c10585ce9470b95a7a71fc9ac8397,GBP
291,2019-04-28,unknown,1.0525,8c22bb6d910340d4b79a1e96506f5e79,RWAABC,e68c10585ce9470b95a7a71fc9ac8397,GBP
292,2019-11-29,unknown,1.1087,8c22bb6d910340d4b79a1e96506f5e79,RWAABC,e68c10585ce9470b95a7a71fc9ac8397,GBP
293,2021-06-20,unknown,1.0751,8c22bb6d910340d4b79a1e96506f5e79,RWAABC,e68c10585ce9470b95a7a71fc9ac8397,GBP
294,2018-06-01,transaction,5.175052,cb517fc87972439686d4d91ce1816aa2,SMT,e68c10585ce9470b95a7a71fc9ac8397,GBP
295,2018-06-15,unknown,5.48998,cb517fc87972439686d4d91ce1816aa2,SMT,e68c10585ce9470b95a7a71fc9ac8397,GBP
296,2018-07-03,transaction,5.47,cb517fc87972439686d4d91ce1816aa2,SMT,e68c10585ce9470b95a7a71fc9ac8397,GBP
297,2018-12-03,transaction,5.16,cb517fc87972439686d4d91ce1816aa2,SMT,e68c10585ce9470b95a7a71fc9ac8397,GBP
298,2019-01-06,unknown,4.5905,cb517fc87972439686d4d91ce1816aa2,SMT,e68c10585ce9470b95a7a71fc9ac8397,GBP
299,2019-04-28,unknown,5.25,cb517fc87972439686d4d91ce1816aa2,SMT,e68c10585ce9470b95a7a71fc9ac8397,GBP
300,2019-07-03,transaction,5.66,cb517fc87972439686d4d91ce1816aa2,SMT,e68c10585ce9470b95a7a71fc9ac8397,GBP
301,2019-11-29,unknown,5.29,cb517fc87972439686d4d91ce1816aa2,SMT,e68c10585ce9470b95a7a71fc9ac8397,GBP
302,2019-12-09,transaction,5.33,cb517fc87972439686d4d91ce1816aa2,SMT,e68c10585ce9470b95a7a71fc9ac8397,GBP
303,2020-07-02,transaction,8.35,cb517fc87972439686d4d91ce1816aa2,SMT,e68c10585ce9470b95a7a71fc9ac8397,GBP
304,2021-06-20,unknown,12.305,cb517fc87972439686d4d91ce1816aa2,SMT,e68c10585ce9470b95a7a71fc9ac8397,GBP
305,2022-08-08,unknown,9.172,cb517fc87972439686d4d91ce1816aa2,SMT,e68c10585ce9470b95a7a71fc9ac8397,GBP
306,2018-01-01,transaction,10.0228,1f4e3fd3850d4d30836337c37279f202,UK Equity,e68c10585ce9470b95a7a71fc9ac8397,GBP
307,2018-06-21,unknown,10.9483,1f4e3fd3850d4d30836337c37279f202,UK Equity,e68c10585ce9470b95a7a71fc9ac8397,GBP
308,2018-10-04,unknown,10.8763,1f4e3fd3850d4d30836337c37279f202,UK Equity,e68c10585ce9470b95a7a71fc9ac8397,GBP
309,2019-04-24,unknown,11.0594,1f4e3fd3850d4d30836337c37279f202,UK Equity,e68c10585ce9470b95a7a71fc9ac8397,GBP
310,2019-07-27,unknown,11.1502,1f4e3fd3850d4d30836337c37279f202,UK Equity,e68c10585ce9470b95a7a71fc9ac8397,GBP
311,2019-10-15,transaction,10.901519,1f4e3fd3850d4d30836337c37279f202,UK Equity,e68c10585ce9470b95a7a71fc9ac8397,GBP
312,2018-01-01,transaction,13.9516,639c2fae92014a1e9d2c27fe4b343ed5,US Equity Index,e68c10585ce9470b95a7a71fc9ac8397,GBP
313,2018-06-21,unknown,15.2632,639c2fae92014a1e9d2c27fe4b343ed5,US Equity Index,e68c10585ce9470b95a7a71fc9ac8397,GBP
314,2018-10-04,unknown,16.4463,639c2fae92014a1e9d2c27fe4b343ed5,US Equity Index,e68c10585ce9470b95a7a71fc9ac8397,GBP
315,2019-04-24,unknown,16.446,639c2fae92014a1e9d2c27fe4b343ed5,US Equity Index,e68c10585ce9470b95a7a71fc9ac8397,GBP
316,2019-07-27,unknown,17.9149,639c2fae92014a1e9d2c27fe4b343ed5,US Equity Index,e68c10585ce9470b95a7a71fc9ac8397,GBP
317,2019-10-15,transaction,17.43858,639c2fae92014a1e9d2c27fe4b343ed5,US Equity Index,e68c10585ce9470b95a7a71fc9ac8397,GBP
318,2018-02-03,unknown,1.298,5858a6bad152484ca5757b7d80ca3bf3,VM Bond & Gilt,e68c10585ce9470b95a7a71fc9ac8397,GBP
319,2018-03-11,transaction,1.298,5858a6bad152484ca5757b7d80ca3bf3,VM Bond & Gilt,e68c10585ce9470b95a7a71fc9ac8397,GBP
320,2018-06-01,transaction,1.283976,5858a6bad152484ca5757b7d80ca3bf3,VM Bond & Gilt,e68c10585ce9470b95a7a71fc9ac8397,GBP
321,2018-06-19,unknown,1.281,5858a6bad152484ca5757b7d80ca3bf3,VM Bond & Gilt,e68c10585ce9470b95a7a71fc9ac8397,GBP
322,2018-11-30,transaction,1.276998,5858a6bad152484ca5757b7d80ca3bf3,VM Bond & Gilt,e68c10585ce9470b95a7a71fc9ac8397,GBP
323,2019-05-31,transaction,1.32096,5858a6bad152484ca5757b7d80ca3bf3,VM Bond & Gilt,e68c10585ce9470b95a7a71fc9ac8397,GBP
324,2019-11-29,transaction,1.341942,5858a6bad152484ca5757b7d80ca3bf3,VM Bond & Gilt,e68c10585ce9470b95a7a71fc9ac8397,GBP
325,2020-02-01,unknown,1.363,5858a6bad152484ca5757b7d80ca3bf3,VM Bond & Gilt,e68c10585ce9470b95a7a71fc9ac8397,GBP
326,2020-06-01,transaction,1.368934,5858a6bad152484ca5757b7d80ca3bf3,VM Bond & Gilt,e68c10585ce9470b95a7a71fc9ac8397,GBP
327,2020-09-06,unknown,1.382,5858a6bad152484ca5757b7d80ca3bf3,VM Bond & Gilt,e68c10585ce9470b95a7a71fc9ac8397,GBP
328,2020-09-22,transaction,1.387001,5858a6bad152484ca5757b7d80ca3bf3,VM Bond & Gilt,e68c10585ce9470b95a7a71fc9ac8397,GBP
329,2018-02-03,transaction,2.77,cb3522cdcd53428d9cd51cb5b8df1614,VM FTSE,e68c10585ce9470b95a7a71fc9ac8397,GBP
330,2018-03-11,transaction,2.728,cb3522cdcd53428d9cd51cb5b8df1614,VM FTSE,e68c10585ce9470b95a7a71fc9ac8397,GBP
331,2018-05-15,transaction,2.867936,cb3522cdcd53428d9cd51cb5b8df1614,VM FTSE,e68c10585ce9470b95a7a71fc9ac8397,GBP
332,2018-06-19,unknown,2.83,cb3522cdcd53428d9cd51cb5b8df1614,VM FTSE,e68c10585ce9470b95a7a71fc9ac8397,GBP
333,2018-11-15,transaction,2.604999,cb3522cdcd53428d9cd51cb5b8df1614,VM FTSE,e68c10585ce9470b95a7a71fc9ac8397,GBP
334,2019-05-15,transaction,2.704927,cb3522cdcd53428d9cd51cb5b8df1614,VM FTSE,e68c10585ce9470b95a7a71fc9ac8397,GBP
335,2019-11-15,transaction,2.709956,cb3522cdcd53428d9cd51cb5b8df1614,VM FTSE,e68c10585ce9470b95a7a71fc9ac8397,GBP
336,2020-02-01,unknown,2.733,cb3522cdcd53428d9cd51cb5b8df1614,VM FTSE,e68c10585ce9470b95a7a71fc9ac8397,GBP
337,2020-05-15,transaction,2.123995,cb3522cdcd53428d9cd51cb5b8df1614,VM FTSE,e68c10585ce9470b95a7a71fc9ac8397,GBP
338,2020-09-06,unknown,2.193,cb3522cdcd53428d9cd51cb5b8df1614,VM FTSE,e68c10585ce9470b95a7a71fc9ac8397,GBP
339,2020-09-21,transaction,2.162001,cb3522cdcd53428d9cd51cb5b8df1614,VM FTSE,e68c10585ce9470b95a7a71fc9ac8397,GBP
340,2018-05-31,transaction,339.017956,0ac6aeadab1e46558bddc2e206414d88,VVDVWE,e68c10585ce9470b95a7a71fc9ac8397,GBP
341,2018-06-15,unknown,343.3002,0ac6aeadab1e46558bddc2e206414d88,VVDVWE,e68c10585ce9470b95a7a71fc9ac8397,GBP
342,2019-01-06,unknown,318.0751,0ac6aeadab1e46558bddc2e206414d88,VVDVWE,e68c10585ce9470b95a7a71fc9ac8397,GBP
343,2019-04-28,unknown,364.6162,0ac6aeadab1e46558bddc2e206414d88,VVDVWE,e68c10585ce9470b95a7a71fc9ac8397,GBP
344,2019-11-29,unknown,393.9806,0ac6aeadab1e46558bddc2e206414d88,VVDVWE,e68c10585ce9470b95a7a71fc9ac8397,GBP
345,2021-06-20,unknown,492.2176,0ac6aeadab1e46558bddc2e206414d88,VVDVWE,e68c10585ce9470b95a7a71fc9ac8397,GBP
346,2022-08-08,unknown,527.0453,0ac6aeadab1e46558bddc2e206414d88,VVDVWE,e68c10585ce9470b95a7a71fc9ac8397,GBP
